minute_utc,sent,accepted,rejects,senders,round
2026-10-08T15:49:00Z,1706,,0,4,pre8
2026-10-08T15:50:00Z,3720,,0,4,pre8
2026-10-08T15:51:00Z,3673,,0,4,pre8
2026-10-08T15:52:00Z,3705,,0,4,pre8
2026-10-08T15:53:00Z,3704,,0,4,pre8
2026-10-08T15:54:00Z,3689,,0,4,pre8
2026-10-08T15:55:00Z,3705,,0,4,pre8
2026-10-08T15:56:00Z,3689,,0,4,pre8
2026-10-08T15:57:00Z,3704,,0,4,pre8
2026-10-08T15:58:00Z,3705,,0,4,pre8
2026-10-08T15:59:00Z,3673,,0,4,pre8
2026-10-08T16:00:00Z,3705,,0,4,pre8
2026-10-08T16:01:00Z,3704,,0,4,pre8
2026-10-08T16:02:00Z,3689,,0,4,pre8
2026-10-08T16:03:00Z,3705,,0,4,pre8
2026-10-08T16:04:00Z,2014,,0,4,pre8
2026-10-08T16:05:00Z,0,0,0,0,none
2026-10-08T16:06:00Z,0,0,0,0,none
2026-10-08T16:07:00Z,0,0,0,0,none
2026-10-08T16:08:00Z,0,0,0,0,none
2026-10-08T16:09:00Z,0,0,0,0,none
2026-10-08T16:10:00Z,0,0,0,0,none
2026-10-08T16:11:00Z,0,0,0,0,none
2026-10-08T16:12:00Z,0,0,0,0,none
2026-10-08T16:13:00Z,0,0,0,0,none
2026-10-08T16:14:00Z,0,0,0,0,none
2026-10-08T16:15:00Z,0,0,0,0,none
2026-10-08T16:16:00Z,0,0,0,0,none
2026-10-08T16:17:00Z,0,0,0,0,none
2026-10-08T16:18:00Z,0,0,0,0,none
2026-10-08T16:19:00Z,0,0,0,0,none
2026-10-08T16:20:00Z,0,0,0,0,none
2026-10-08T16:21:00Z,0,0,0,0,none
2026-10-08T16:22:00Z,0,0,0,0,none
2026-10-08T16:23:00Z,0,0,0,0,none
2026-10-08T16:24:00Z,0,0,0,0,none
2026-10-08T16:25:00Z,0,0,0,0,none
2026-10-08T16:26:00Z,0,0,0,0,none
2026-10-08T16:27:00Z,0,0,0,0,none
2026-10-08T16:28:00Z,0,0,0,0,none
2026-10-08T16:29:00Z,0,0,0,0,none
2026-10-08T16:30:00Z,0,0,0,0,none
2026-10-08T16:31:00Z,0,0,0,0,none
2026-10-08T16:32:00Z,0,0,0,0,none
2026-10-08T16:33:00Z,0,0,0,0,none
2026-10-08T16:34:00Z,0,0,0,0,none
2026-10-08T16:35:00Z,0,0,0,0,none
2026-10-08T16:36:00Z,0,0,0,0,none
2026-10-08T16:37:00Z,0,0,0,0,none
2026-10-08T16:38:00Z,0,0,0,0,none
2026-10-08T16:39:00Z,0,0,0,0,none
2026-10-08T16:40:00Z,0,0,0,0,none
2026-10-08T16:41:00Z,0,0,0,0,none
2026-10-08T16:42:00Z,0,0,0,0,none
2026-10-08T16:43:00Z,0,0,0,0,none
2026-10-08T16:44:00Z,0,0,0,0,none
2026-10-08T16:45:00Z,0,0,0,0,none
2026-10-08T16:46:00Z,0,0,0,0,none
2026-10-08T16:47:00Z,0,0,0,0,none
2026-10-08T16:48:00Z,0,0,0,0,none
2026-10-08T16:49:00Z,0,0,0,0,none
2026-10-08T16:50:00Z,0,0,0,0,none
2026-10-08T16:51:00Z,0,0,0,0,none
2026-10-08T16:52:00Z,0,0,0,0,none
2026-10-08T16:53:00Z,0,0,0,0,none
2026-10-08T16:54:00Z,0,0,0,0,none
2026-10-08T16:55:00Z,0,0,0,0,none
2026-10-08T16:56:00Z,0,0,0,0,none
2026-10-08T16:57:00Z,0,0,0,0,none
2026-10-08T16:58:00Z,0,0,0,0,none
2026-10-08T16:59:00Z,0,0,0,0,none
2026-10-08T17:00:00Z,0,0,0,0,none
2026-10-08T17:01:00Z,0,0,0,0,none
2026-10-08T17:02:00Z,993,,0,4,run30
2026-10-08T17:03:00Z,3720,,0,4,run30
2026-10-08T17:04:00Z,3658,,0,4,run30
2026-10-08T17:05:00Z,3720,,0,4,run30
2026-10-08T17:06:00Z,3704,,0,4,run30
2026-10-08T17:07:00Z,3674,,0,4,run30
2026-10-08T17:08:00Z,3720,,0,4,run30
2026-10-08T17:09:00Z,3689,,0,4,run30
2026-10-08T17:10:00Z,3689,,0,4,run30
2026-10-08T17:11:00Z,3720,,0,4,run30
2026-10-08T17:12:00Z,3658,,0,4,run30
2026-10-08T17:13:00Z,3720,,0,4,run30
2026-10-08T17:14:00Z,2263,,0,4,run30
2026-10-08T17:15:00Z,0,0,0,0,none
2026-10-08T17:16:00Z,6185,,0,15,s15
2026-10-08T17:17:00Z,13918,,0,15,s15
2026-10-08T17:18:00Z,13919,,0,15,s15
2026-10-08T17:19:00Z,13917,,0,15,s15
2026-10-08T17:20:00Z,8932,,0,15,s15
2026-10-08T17:21:00Z,0,0,0,0,none
2026-10-08T17:22:00Z,5109,,0,7,s7
2026-10-08T17:23:00Z,6477,,0,7,s7
2026-10-08T17:24:00Z,6431,,0,7,s7
2026-10-08T17:25:00Z,6540,,0,7,s7
2026-10-08T17:26:00Z,6525,,0,7,s7
2026-10-08T17:27:00Z,6446,,0,7,s7
2026-10-08T17:28:00Z,6540,,0,7,s7
2026-10-08T17:29:00Z,6525,,0,7,s7
2026-10-08T17:30:00Z,6446,,0,7,s7
2026-10-08T17:31:00Z,6540,,0,7,s7
2026-10-08T17:32:00Z,6525,,0,7,s7
2026-10-08T17:33:00Z,6446,,0,7,s7
2026-10-08T17:34:00Z,6540,,0,7,s7
2026-10-08T17:35:00Z,6525,,0,7,s7
2026-10-08T17:36:00Z,6446,,0,7,s7
2026-10-08T17:37:00Z,6540,,0,7,s7
2026-10-08T17:38:00Z,6525,,0,7,s7
2026-10-08T17:39:00Z,6446,,0,7,s7
2026-10-08T17:40:00Z,6540,,0,7,s7
2026-10-08T17:41:00Z,6525,,0,7,s7
2026-10-08T17:42:00Z,6446,,0,7,s7
2026-10-08T17:43:00Z,6525,,0,7,s7
2026-10-08T17:44:00Z,6462,,0,7,s7
2026-10-08T17:45:00Z,6524,,0,7,s7
2026-10-08T17:46:00Z,6525,,0,7,s7
2026-10-08T17:47:00Z,6446,,0,7,s7
2026-10-08T17:48:00Z,6540,,0,7,s7
2026-10-08T17:49:00Z,6525,,0,7,s7
2026-10-08T17:50:00Z,6446,,0,7,s7
2026-10-08T17:51:00Z,6540,,0,7,s7
2026-10-08T17:52:00Z,1460,,0,7,s7
2026-10-08T17:53:00Z,0,0,0,0,none
2026-10-08T17:54:00Z,0,0,0,0,none
2026-10-08T17:55:00Z,0,0,0,0,none
2026-10-08T17:56:00Z,0,0,0,0,none
2026-10-08T17:57:00Z,0,0,0,0,none
2026-10-08T17:58:00Z,0,0,0,0,none
2026-10-08T17:59:00Z,0,0,0,0,none
2026-10-08T18:00:00Z,0,0,0,0,none
2026-10-08T18:01:00Z,92413,72690,0,6,k3
2026-10-08T18:02:00Z,129848,129536,0,6,k3
2026-10-08T18:03:00Z,124592,122082,0,6,k3
2026-10-08T18:04:00Z,126857,123866,0,6,k3
2026-10-08T18:05:00Z,126190,120666,0,6,k3
2026-10-08T18:06:00Z,127367,127754,0,6,k3
2026-10-08T18:07:00Z,132009,129912,0,6,k3
2026-10-08T18:08:00Z,134099,134401,0,6,k3
2026-10-08T18:09:00Z,136507,133284,0,6,k3
2026-10-08T18:10:00Z,128445,121756,0,6,k3
2026-10-08T18:11:00Z,122144,121830,0,6,k3
2026-10-08T18:12:00Z,126301,124532,0,6,k3
2026-10-08T18:13:00Z,128864,128444,0,6,k3
2026-10-08T18:14:00Z,127486,124242,0,6,k3
2026-10-08T18:15:00Z,135859,135323,0,6,k3
2026-10-08T18:16:00Z,131067,126525,0,6,k3
2026-10-08T18:17:00Z,126948,124974,0,6,k3
2026-10-08T18:18:00Z,139749,140262,0,6,k3
2026-10-08T18:19:00Z,129878,125942,0,6,k3
2026-10-08T18:20:00Z,129869,129563,0,6,k3
2026-10-08T18:21:00Z,133603,131096,0,6,k3
2026-10-08T18:22:00Z,88941,87691,0,6,k3
2026-10-08T18:23:00Z,0,0,0,0,none
2026-10-08T18:24:00Z,50141,14453,0,10,h10
2026-10-08T18:25:00Z,145640,136970,0,10,h10
2026-10-08T18:26:00Z,135801,132043,0,10,h10
2026-10-08T18:27:00Z,129365,125664,0,10,h10
2026-10-08T18:28:00Z,111658,109130,0,10,h10
2026-10-08T18:29:00Z,88159,85688,0,10,h10
2026-10-08T18:30:00Z,88146,86141,0,10,h10
2026-10-08T18:31:00Z,102669,100249,0,10,h10
2026-10-08T18:32:00Z,96789,94332,0,10,h10
2026-10-08T18:33:00Z,104514,101438,0,10,h10
2026-10-08T18:34:00Z,104787,101823,0,10,h10
2026-10-08T18:35:00Z,102055,99617,0,10,h10
2026-10-08T18:36:00Z,98526,96032,0,10,h10
2026-10-08T18:37:00Z,63383,61335,0,10,h10
2026-10-08T18:38:00Z,30408,6375,7185,12,mx
2026-10-08T18:39:00Z,99491,85561,615510,12,mx
2026-10-08T18:40:00Z,78648,45303,253821,12,n12
2026-10-08T18:41:00Z,70185,41749,203153,10,p10
2026-10-08T18:42:00Z,0,0,0,0,none
2026-10-08T18:43:00Z,0,0,0,0,none
2026-10-08T18:44:00Z,0,0,0,0,none
2026-10-08T18:45:00Z,0,0,0,0,none
2026-10-08T18:46:00Z,0,0,0,0,none
2026-10-08T18:47:00Z,0,0,0,0,none
2026-10-08T18:48:00Z,109571,71522,0,10,q10
2026-10-08T18:49:00Z,128695,124718,0,10,q10
2026-10-08T18:50:00Z,126418,123334,0,10,q10
2026-10-08T18:51:00Z,126311,123223,0,10,q10
2026-10-08T18:52:00Z,134960,130777,0,10,q10
2026-10-08T18:53:00Z,121506,118131,0,10,q10
2026-10-08T18:54:00Z,127923,124677,0,10,q10
2026-10-08T18:55:00Z,122300,119398,0,10,q10
2026-10-08T18:56:00Z,117766,114950,0,10,q10
2026-10-08T18:57:00Z,121381,118490,0,10,q10
2026-10-08T18:58:00Z,68558,66970,0,10,q10
2026-10-08T18:59:00Z,105004,101716,0,10,q10
2026-10-08T19:00:00Z,9864,9614,0,10,q10
2026-10-08T19:01:00Z,0,0,0,10,q10
2026-10-08T19:02:00Z,24192,7569,0,10,u10
2026-10-08T19:03:00Z,85498,64358,0,10,u10
2026-10-08T19:04:00Z,0,0,0,10,u10
2026-10-08T19:05:00Z,0,0,0,10,u10
2026-10-08T19:06:00Z,0,0,0,0,none
2026-10-08T19:07:00Z,0,0,0,0,none
2026-10-08T19:08:00Z,0,0,0,0,none
2026-10-08T19:09:00Z,0,0,0,0,none
2026-10-08T19:10:00Z,0,0,0,0,none
2026-10-08T19:11:00Z,120597,81615,213202,14,z14
2026-10-08T19:12:00Z,61371,61333,291199,10,z14
2026-10-08T19:13:00Z,64432,35253,104103,12,m12
2026-10-08T19:13:00Z,77872,44280,0,10,v10
2026-10-08T19:14:00Z,145338,139143,0,10,v10
2026-10-08T19:15:00Z,144855,140890,0,10,v10
2026-10-08T19:16:00Z,120095,116446,0,10,v10
2026-10-08T19:17:00Z,119329,115679,0,10,v10
2026-10-08T19:18:00Z,119690,116584,0,10,v10
2026-10-08T19:19:00Z,115881,112603,0,10,v10
2026-10-08T19:20:00Z,115378,111878,0,10,v10
2026-10-08T19:21:00Z,119795,116317,0,10,v10
2026-10-08T19:22:00Z,116986,113335,0,10,v10
2026-10-08T19:23:00Z,122267,118808,0,10,v10
2026-10-08T19:24:00Z,125430,122240,0,10,v10
2026-10-08T19:25:00Z,127738,124856,0,10,v10
2026-10-08T19:26:00Z,105285,101608,0,10,v10
2026-10-08T19:27:00Z,107589,104037,0,10,v10
2026-10-08T19:28:00Z,106864,104465,0,10,v10
2026-10-08T19:29:00Z,131241,128372,0,10,v10
2026-10-08T19:30:00Z,113361,110602,0,10,v10
2026-10-08T19:31:00Z,126016,122899,0,10,v10
2026-10-08T19:32:00Z,128643,125632,0,10,v10
2026-10-08T19:33:00Z,127334,124125,0,10,v10
2026-10-08T19:34:00Z,132538,128897,0,10,v10
2026-10-08T19:35:00Z,129603,125849,0,10,v10
2026-10-08T19:36:00Z,133771,129782,0,10,v10
2026-10-08T19:37:00Z,132328,128613,0,10,v10
2026-10-08T19:38:00Z,125413,121016,0,10,v10
2026-10-08T19:39:00Z,120892,117814,0,10,v10
2026-10-08T19:40:00Z,123216,119877,0,10,v10
2026-10-08T19:41:00Z,65271,62991,0,10,v10
2026-10-08T19:42:00Z,81267,49667,116337,11,w11
2026-10-08T19:42:00Z,74398,40469,0,10,x10
2026-10-08T19:43:00Z,148047,143025,0,10,x10
2026-10-08T19:44:00Z,143162,139399,0,10,x10
2026-10-08T19:45:00Z,140932,136978,0,10,x10
2026-10-08T19:46:00Z,119957,116401,0,10,x10
2026-10-08T19:47:00Z,106740,104251,0,10,x10
2026-10-08T19:48:00Z,113483,110432,0,10,x10
2026-10-08T19:49:00Z,111570,107797,0,10,x10
2026-10-08T19:50:00Z,102850,99927,0,10,x10
2026-10-08T19:51:00Z,103618,100145,0,10,x10
2026-10-08T19:52:00Z,102839,99660,0,10,x10
2026-10-08T19:53:00Z,108522,105979,0,10,x10
2026-10-08T19:54:00Z,116286,112629,0,10,x10
2026-10-08T19:55:00Z,108158,105076,0,10,x10
2026-10-08T19:56:00Z,120064,116843,0,10,x10
2026-10-08T19:57:00Z,69312,67315,0,10,x10
2026-10-08T19:58:00Z,0,0,0,0,none
2026-10-08T19:59:00Z,0,0,0,0,none
2026-10-08T20:00:00Z,0,0,0,0,none
2026-10-08T20:01:00Z,0,0,0,0,none
2026-10-08T20:02:00Z,0,0,0,0,none
2026-10-08T20:03:00Z,0,0,0,0,none
2026-10-08T20:04:00Z,40848,12852,0,10,a10
2026-10-08T20:05:00Z,143254,132000,0,10,a10
2026-10-08T20:06:00Z,129699,126096,0,10,a10
2026-10-08T20:07:00Z,127078,123249,0,10,a10
2026-10-08T20:08:00Z,112722,109644,0,10,a10
2026-10-08T20:09:00Z,116105,112451,0,10,a10
2026-10-08T20:10:00Z,105907,103337,0,10,a10
2026-10-08T20:11:00Z,60842,59137,0,10,a10
